3E Accounting Pte Ltd,6690 9262,6354 3261,info@3ecpa.com.sg,http://www.3ecpa.com.sg/
A GUAN & CO,(65) 6225 5101,guanco@pacific.net.sg,,
A H LOW & CO,(65) 6273 3882,(65) 6271 7112,ahlow2002@yahoo.com,
A K KOH & ASSOCIATES,(65) 9743 7322,(65) 6441 9173,akk.associates@yahoo.com.sg,www.hbiz.com.sg/ckzgroup
A L LEE & CO,(65) 6534 3210 ,sg@alleeco.com,,
A S H LOONG & CO,(65) 6224 2487,(65) 6224 5924,chartac@ashloong.com,
A. C. LUI & CO.,(65) 6466 6168,(65) 6466 9098,morbiusl@gmail.com,
A. S. MOHAMED & CO.,(65) 6333 4295,(65) 6837 3653,asmohamed@asmohamed.com.sg,
ABERDEEN CONSULTING,(65) 6535 1789,(65) 6534 2550,kenlee@aberdeenconsulting.com,www.aberdeenconsulting.com
ACCASSURANCE LLP,(65) 6223 8380,(65) 6220 3880,gohqimei@accvisory.com,www.accassurance.com.sg
ACCFIN CORPORATE CONSULTANTS PTE LTD / JSL & ASSOCIATES,(65) 6220 2293,(65) 6227 2339,jimsu1@yahoo.com.sg,www.accfin.com.sg
ACCMASTER MANAGEMENT SERVICES PTE LTD,(65) 6593 4332/333,(65) 6749 9370,enquiry@accmaster.com.sg,
ACCMASTER VERITAS PTE LTD,(65) 6593 4303,(65) 6749 9370,enquiry@accmaster.com.sg,
Accounting Consultancy Pte. Ltd.,6743 7531,6743 7551,www.accountingconsultancy.com,
ACCOUNTINGSERVICE.BIZ,(65) 8338 0713,accgsvc.biz@gmail.com,www.accountingservice.sg,
ACCVISORY PRIVATE LIMITED,(65) 6591 8711,(65) 6220 3880,chuachoongthoong@accvisory.com,www.accvisory.com
ACFOSS ASSURANCE,(65) 6686 3113,(65) 6686 3013,mok@acfoss.com.sg,www.acfoss.com.sg
ACME CORPORATE SERVICES PTE LTD,(65) 6524 2890,alagappan@acmecorporateservices.com,www.acmecorporateservices.com,
ACME FOCUS PTE. LTD.,(65) 6533 1993,tn.tan@eppaf.com,,
ACUMEN ASSURANCE,(65) 6567 2752,(65) 6222 0028,acumenassurance@gmail.com,www.venturecorp.com.sg/
ACUTUS LLP,(65) 6538 5488,(65) 6538 4673,www.acutus-ca.com,
ADAGIO CHARTERED ACCOUNANTS ,(65) 9690 7488,ybk5@yahoo.com,,
ADELPHIE & ASSOCIATES,(65) 6296 8669,adelphie@singnet.com.sg,,
ADVISORS INCORPORATED PTE LTD,(65) 6323 9080,(65) 6222 5528,jdesouza@advisors-incorporated.com,www.advisors-incorporated.com
AFX & ASSOCIATES,(65) 6570 6913,(65) 6570 6913,alvin@afxassociates.com.sg, 
AGLOW CORPORATE SERVICES PTE LTD,6573 2715,6399 3699,enquiry@aglowcorporatesvcs.com.sg,http://www.aglowcorporatesvcs.com.sg
AI LEEN & ASSOCIATES LLP,sharon@accesscc.com,www.accesscc.com,,
AI LIN YEO & CO,(65) 6343 0565,angeline@ailinyeo.com,,
AKBER ALI & CO.,(65) 6392 0021,(65) 6392 0923,akber@singnet.com.sg,www.akberali.com
AL & CO,almcxy@gmail.com,,,
ALAN NG & PARTNERS,(65) 6327 0324,(65) 6223 5212,alan@myaccountant.com.sg,
ALFRED PF SHEE & CO,(65) 6337 4263,(65) 6336 8290,alpfshee@singnet.com.sg,
ALKT & COMPANY,(65) 6554 7036,(65) 6455 5682,almcxy@gmail.com,
ALLIANCE ADVISORY SERVICES PTE LTD,(65) 6735 3033,(65) 6735 1588,general@allianceadvisoryspl.com,www.allianceadvisoryspl.com
ALLIANCE PRACTICE LLP,(65) 6737 1233,(65) 6735 2272,general@alliancepractice.com,www.alliancepractice.com
ALTERNATIVE ADVISORS ASSOCIATES,(65) 6534 7088,(65) 6534 7022,jwwong@aapl.sg,www.aapl.sg
ALTERNATIVE ADVISORS PTE LTD,(65) 6534 7088,(65) 6534 7022,jwwong@aapl.sg,www.aapl.sg
ALVIN CHEE & CO,(65) 6345 2333,(65) 6345 4554,patkan@patkan.com.sg,www.patkan.com
ALWYN LIM & CO,(65) 6292 2411,(65) 6298 7950,info@alwynlim.com,www.alwynlim.com
ANG & CO PAC,(65) 6338 3922 / (65) 6336 1009,(65) 6336 1652 / (65) 6336 7023,office@angnco.com,www.angnco.com
ANN LI & CO.,annli2007@hotmail.com,,,
AON Singapore Pte Ltd,(65) 6221 8222,www.aon.com,,
APEN CHARTERED ACCOUNTANTS,(65) 6809 2294,jontanqc@singnet.com.sg,,
APSCOM SOLUTIONS,9634 6084,apscom.solutions@gmail.com,www.apscomsolutions.com,
APTA MANAGEMENT SERVICES PTE LTD,(65) 6732 4150,(65) 6732 4152,LimChin@APTA.com.sg,www.APTA.com.sg
ARDENT ASSOCIATES LLP,(65) 6356 9098,(65) 6323 2671,enquiry@ardent.com.sg,www.ardent.com.sg
ARK ASSURANCE,(65) 6604 6330,(65) 6604 6334,jessie@arkassurance.com.sg,www.arkgroup.com.sg
ASCENT ACCOUNTING CORPORATION PAC,(65) 6652 3087,(65) 6725 8040,desmond@ascentpac.com,www.ascentpac.com
AscentiaTax Services Pte Ltd,6438 2802,6725 8020,info@ascentiatax.com,www.ascentiatax.com
ASQM,(65) 9025 7863,audit@asqmcpa.com,,
ASSURANCE PRACTICE LLP,(65) 6686 3875,(65) 6686 3875,liewketleong@gmail.com,
AT ADLER,(65) 6438 6867,limseryong@atadler.com,http://www.atadler.com,
ATM PTE LTD,(65) 6887 2471,(65) 6735 5004,william@atm.sg,www.atm.sg
ATTIA KZ & CO,(65) 9620 1433,attiakzco@gmail.com,,
AUDIT ALLIANCE,(65) 6227 5428 / (65) 6223 6796,(65) 6220 7808,auditalliance@gmail.com,http://www.allianceaudit.com/
AUDIT EXPRESS,(65) 6296 8436,wilsonyeoh@hotmail.com,,
AUDIT TRUST PAC,(65) 6294 6223,rachaelsclai@hotmail.com,,
AUDITER PAC,(65) 8777 8394,henry.lim.sg@auditerpac.com,www.auditerpac.com,
AVEN BILL & ASSOCIATES,6842 2149,6841 3296,admin@avenbill.com.sg,www.avenbill.com.sg
AXON MANAGEMENT CONSULTANTS PTE LTD,(65) 6221 1002,(65) 6221 1400,relations@axonaccounting.com.sg,www.axonaccounting.com.sg
B  L  LEE & CO,(65) 6570 0513,(65) 6469 7417,eileen.lee@llee.com.sg,
B K SOO & CO,(65) 6291 0608,(65) 6292 9637,sykmanag@singnet.com.sg,
B L KOH & CO,(65) 6222 0919,(65) 6227 6613,blkoh2001@yahoo.com.sg,
B LEE ONG & ASSOCIATES,vobl88@yahoo.com,,,
B P YAP & CO,(65) 6738 1586,(65) 6735 3720,bpyap@bpyapco.sg,
B SHARMA & CO,(65) 6223 1477,(65) 6223 2044,account.sharma@gmail.com,
B. H. RAY & CO,justray1965@yahoo.com,,,
B. S. MANGAT & CO,(65) 6735 0003,(65) 6413 6555,balbeer@ftmsglobal.com,
BAKER TILLY TFW LLP,(65) 6336 2828,(65) 6339 0438,general@bakertillytfw.com,http://www.bakertillytfw.com
BARCLAYS CAPITAL SERVICES LTD SINGAPORE BRANCH,(65) 6308 3000,adelphie@singnet.com.sg,http://www.barcap.com/,
BARRY WEE & CO PAC,(65) 6337 1911,nscms@yahoo.com.sg,http://www.singaporepteltd.com ,
BC NEO BUSINESS ADVISORY,(65) 6227 2818,(65) 6593 9399,neobanchuan@bcneoadvisory.com.sg,
BDO LLP,(65) 6828 9118,(65) 6828 9111,info@bdo.com.sg,www.bdo.com.sg
BELINDA CHUA & CO ,(65) 6275 8473,bcico5@singnet.com.sg,,
BESTAR,admin@bestar.com.sg,,,
BF TEO ASSOCIATES,bfteoassoc@yahoo.com,,,
BOB LOW & CO.,(65) 6338 3918,(65) 6338 3911,bob1368@blcorpadvisory.com,
BRIGHT ASSOCIATES,(65) 8418 8686,(65) 6336 6463,lee.pingpingg328@gmail.com,
BSL PUBLIC ACCOUNTING CORPORATION,(65) 6235 3388,(65) 6235 3168,enquiries@bsl.sg,www.bsl.sg
BT TAN & ASSOCIATES,(65) 6256 7790,(65) 6254 5487,shawntan@bttan.com,http://www.bttan.com
BTS BUSINESS SERVICES,(65) 6224 9227 / (65) 9736 5481,(65) 6224 9227,mingde116@yahoo.com,
C B LIM & CO,gbk@pacific.net.sg,,,
C H LEE & CO,lee_ch35@hotmail.com,,,
C H LEI & CO,(65) 6593 4330 / 331,(65) 6749 9370,admin@chlei.com.sg,
C H NG & CO,(65) 6338 1200,(65) 6338 9211,scg8256d@yahoo.com,
C H TEO & CO,(65) 6220 0939,(65) 6220 6638,winteo@pacific.net.sg,
C K ANG & CO,(65) 6293 6038,(65) 6293 9186,ckang@ckangco.com,
C K FOO & CO,(65) 6222 2052,(65) 6222 5823,ckfoo.ca@outlook.com,
C L TEO & CO,(65) 6296 8348,(65) 6296 7832,clteoco@singnet.com.sg,
C M LEE & CO,(65) 6235 5325,(65) 6235 6553,daniel@cmlee.com.sg,
C M YENG & ASSOCIATES,(65) 6220 8858,(65) 6220 6778,mindy@pgonline.sg,
C N TIEW & CO./FOK OI LENG & CO /VERTITY PARTNERS,(65) 6593 3535,(65) 6593 3536,mui_sang@cntiew.com.sg,http://www.cntiew.com.sg
C S CHAN & ASSOCIATES PAC,(65) 6225 5088,(65) 6225 8852,patrick@cschan.com.sg,
C S CHOW & CO,(65) 6560 0024,(65) 6560 0025,cschow@singnet.com.sg,http://www.cschow.com.sg
C S KOH & CO,(65) 6738 3929,(65) 6336 8896,audit@cskoh.com.sg,
C T TAN & CO,(65) 6293 5208,(65) 6295 2519,cttanco@singnet.com.sg,
C W CHOW & CO,(65) 6339 9504,(65) 6339 9315,williamchow@pacific.net.sg,
C W THUM & CO,(65) 6256 1122,(65) 6253 0095,kkkeng8@hotmail.com,
C W YIT & ASSOCIATES,"(65) 6287 2411
",(65) 6273 7950,steven@mcmillanwoodspac.com,
C. C. YANG & CO.,(65) 6225 0988,(65) 6225 0855,ccyang@ccyangco.com.sg,www.ccyangco.com.sg
C. S. CHOONG & CO. PAC,(65) 6223 9166,(65) 6225 7308,joan@cschoongcpa.sg,
CA CHARTERED ACCOUNTANTS LLP,(65) 6323 5628,(65) 6323 5802,dorothychiang@ca.com.sg,www.cagroup.com.sg
CA PRACTICE PAC,(65) 6256 3028,(65) 6256 0328,info@ca-practice.com.sg,www.ca-practice.com.sg
CA TAX CONSULTANTS PTE LTD,(65) 6327 9888,(65) 6327 9159,viviennechiang@kyc.com.sg,www.kyc.com.sg
CA TRUST PAC,(65) 6336 8772,(65) 6336 6165,enquire@casingapore.com.sg,www.casingapore.com.sg
CAS Public Accounting Corporation,6225 5515,6221 1550,,
CATALYST BUSINESS CONSULTANTS PTE LTD,(65) 6227 4180,(65) 6324 0213,lisa@klp.com.sg,www.konglim.com.sg
CATALYST CORPORATE SERVICES PTE LTD,(65) 6227 4180,(65) 6234 9213,secretarial@internalaudit.com.sg,www.konglim.com.sg
CAULFIELD INTERNATIONAL PAC,(65) 6296 8436,(65) 6334 8075,wilsonyeoh@hotmail.com,www.jdt.com.sg
CAYMUS ONG & CO,ongvilla@singnet.com.sg,,,
CB YEO & ASSOCIATES,(65) 6221 2288,cbyeo@pacific.net.sg,,
CG ALLIANCE,(65) 6702 2118,(65) 6702 2120,gan@cgalliance.com.sg,www.CGalliance.com.sg
CHAI SON CHAN & CO,(65) 6746 7188,(65) 6746 7822,chaisc@chaisc.com,www.chaisc.com
CHAN & CHAN,(65) 6294 1166,rayckchan@hotmail.com,,
CHAN GEOK HUAT & CO,(65) 6297 2030,(65) 6294 0501,nicemgt@singnet.com.sg,
CHAN HOCK SENG & CO,(65) 6338 5912,(65) 6339 1403,chanhsco@singnet.com.sg,
CHAN KOK POH & CO,(65) 6292 8192,(65) 6841 9692,chanhsco@singnet.com.sgchankokpoh_cpa@yahoo.com.sgtkcassociates@singnet.com.sg,
CHAN LENG LENG & CO,(65) 6733 5335,(65) 6738 2621,cll@proactiv.com.sg,
CHARTERED INSTITUTE OF MANAGEMENT ACCOUNTANTS,6824 8252,6824 8334,cima.contact@cimaglobal.com,www.cimaglobal.com
CHC & ASSOCIATES,chanhc88@gmail.com,,,
CHEAM H T & CO,(65) 6292 0093,cheamht@gmail.com,,
CHEW WHYE LEE & CO,(65) 6448 7073,(65) 6445 2628,cwl@chewwhyelee.com,www.chewwhyelee.com
"CHING, LIAW & YAP",skuan_yap@yahoo.com.sg,,,
CHIO LIM STONE FOREST,(65) 6533 7600,(65) 6538 7600,abuthahir0209@gmail.com,http://www.rsmchiolim.com.sg/
CHNG WEE YIN & ASSOCIATES PAC,(65) 6744 0836,(65) 6842 7625,patricia@cwy.com.sg,
CHNG WEE YIN & CO.,(65) 6744 0836,(65) 6842 7625,patricia@cwy.com.sg,
"CHONG, LIM & PARTNERS LLP",(65) 6225 5255,(65) 6325 3838,admin1@ebcAsia.com.sg,www.ebcasia.com.sg
CHRISTIE CORPORATE SERVICES PTE LTD,(65) 6227 8266,(65) 6227 8255,ccs@christiecorpsvc.com.sg,
CHRISTOPHER CHAN & ASSOCIATES,(65) 6423 0100,(65) 6423 0090,bangketchan@hotmail.com,
CHUA SIAK LENG & CO,(65) 6744 0037,chua52@pacific.net.sg,,
CHUA SOO CHIEW & ASSOCIATES PAC,(65) 6338 5255,(65) 6338 1855,cscco@cscco-cpa.com.sg,
CKS ASSOCIATES,(65) 6659 4900,(65) 6659 4920,colinlee@creativehubs.com,www.creativehubs.com
CLEMENT TAN & CO,(65) 6296 9274,(65) 6291 7973,ctnco2@gmail.com,www.clementtanco.com
CM LEONG & CO,(65) 6538 6690,(65) 6438 1453,cmlco@singnet.com.sg,
CPA CHENGLAU,(65) 6362 5308,(65) 6362 5108,andrew_lau@cpachenglau.com.sg,www.cpachenglau.com.sg
CPA PRACTICE,(65) 9386 3979,ireneakn@gmail.com,,
CROWE HORWATH FIRST TRUST LLP,(65) 6221 0338,(65) 6221 1080,enquiry@crowehorwath.com.sg,www.crowehorwath.com.sg
CS TAN & CO,(65) 6293 1196,(65) 6297 1165,gen@cstancpa.com.sg,www.cstancpa.com.sg
CSI & CO. PAC,(65) 6223 9166,(65) 6225 7308,amy@csicpa.sg,
CTP PARTNERSHIP,(65) 6225 7628,(65) 6224 0863,le_na@petraconsultant.com.sg,
CURTIN SINGAPORE,6593 8024,6593 8001,info@curtin.edu.sg,www.curtin.edu.sg
CWS & ASSOCIATES,(65) 6293 0350,(65) 6296 0181,vincent@csk.com.sg,www.cws.com.sg
CYPRESS SINGAPORE PAC,(65) 6500 7838,(65) 6737 8706,bikhuat@cypresspac.com.sg,www.cypresspac.com.sg
D'ARK ASSOCIATES,(65) 6392 2583,helensim@d-ark.com.sg,,
D. ARUMUGAM & CO,(65) 6334 2003,(65) 6334 6205,arucoy@gmail.com,
DAN NG PING YUEN & CO,(65) 6338 2331,(65) 6338 4883,dan.npy@hotmail.com,
DAVID CHEW & YAP,(65) 6295 5600,(65) 6295 5605,davidchew1234@yahoo.com.sg,
DBS BANK LTD,1800 222 2200,www.dbs.com.sg,,
DE ASSOCIATES,(65) 6336 3210,(65) 6336 3810,admin@deassociates.com.sg,http://www.deassociates.com.sg
DELLSUN BUSINESS SERVICES,(65) 9049 4286,(65) 6449 0106,zhao317@hotmail.com,www.dellsun.net
DELOITTE CONSULTING PTE LTD,(65) 6535 0220,(65) 6535 7475,enquiries@deloitte.com,www.deloitte.com.sg
DELOITTE SINGAPORE,(65) 6224 8288,(65) 6538 6166,enquiries@deloitte.com,www.deloitte.com/sg
"DEPARTMENT OF ACCOUNTING, NUS BUSINESS SCHOOL",6516 3024,acchead@nus.edu.sg,www.bschool.nus.edu,
DK & CO,dahkhang@gmail.com,,,
DON HO & ASSOCIATES,(65) 6532 0320,(65) 6532 0331,don@donhoassociates.com,
DP & ASSOCIATES,(65) 6532 1033,(65) 6532 1055,david@dpas.com.sg,
DYH ASSOCIATES,yockhian.dan@gmail.com,,,
E BUSINESS ACCOUNTING SERVICES & CONSULTANCY,(65) 9662 1680,elenaweemg@gmail.com,www.ebasic.com.sg,
E M NG & CO,(65) 6296 2883,(65) 6296 0852,emngco@singnet.com.sg,
EBOS SG PTE LTD,8366 3660,6377 7555,elisha@ebos-sg.com,www.ebos-sg.com
ECOVIS ASSURANCE LLP,(65) 6632 7066,support@ecovis.com.sg,www.ecovis.com/singapore,
ECOVIS BIZCORP MANAGEMENT PTE LTD,(65) 6423 0030,(65) 6227 7177,jason.chen@ecovis.com.sg,www.ecovis.com.sg
EDDIE HO & ASSOCIATES,(65) 6227 9311,eddieho@singnet.com.sg,,
EDWARD LEE & CO,(65) 6735 1560,(65) 6735 7125,edleecc@singnet.com.sg,
EDWIN LEE & CO,(65) 6339 9828,(65) 6339 8816,accountants@edwinleeco.com,
EDWIN LIM & CO,(65) 6352 2778,(65) 6353 3118,clientservice@edwinlimco.com,www.edwinlimco.com
ELIZABETH LEONG & CO,(65) 6336 3220,(65) 6336 3438,e_lco@yahoo.com.sg,
EMPAC (Edwin Mario Public Accounting Corporation),6933 9082 / 6933 9083,6933 9082 / 6933 9083,info@empac.sg,http://www.empac.sg
ENTERPRISE ACCOUNTANTS LLP,(65) 6225 5255,(65) 6325 3838,mg@ebcAsia.com.sg,www.ebcAsia.com.sg
Enterprise Bizpal Pte Ltd,sales@enterprisebizpal.com,,,
ENTRUST PUBLIC ACCOUNTING CORPORATION,(65) 6220 9885,(65) 6225 9890,general@entrust.sg,www.entrust.sg
ER & CO,(65) 6227 1123,(65) 6226 0400,simon@ernco.com.sg,www.ernco.com.sg
ERIC SP TAN & CO,(65) 6444 4700,erictan@sptadvisory.com.sg,www.sptadvisory.com.sg,
ERNST & YOUNG SOLUTIONS LLP,(65) 6535 7777,(65) 6532 7662,contact.eys@sg.ey.com,www.ey.com/sg
"EXECELSIOR PARTNERS, PAF",(65) 6533 1993,(65) 6533 1994,inquiry@eppaf.com,www.eppaf.com
F K LIM & CO,(65) 6339 0911,(65) 6339 0811,fklim@singnet.com.sg,
F M KOK & CO,(65) 6294 1183,kokfm@hotmail.com,,
F S LIEN & CO,lienfainsze@gmail.com,,,
FAC & ASSOCIATES,(65) 6333 9739,(65) 6333 9769,admin@faithfulac.com,www.faithfulac.com
FADHILLAH GOH @ CO,(65) 6392 3925,(65) 6392 5788,fadhgoh@singnet.com.sg,   
FAIRFIELD ASSOCIATES,(65) 6226 3929,(65) 6226 3272,huiyien@e-fairfield.com.sg,
FEROZ KHAN & CO,(65) 6339 9221,(65) 6338 0326,fk@ferozkhancpa.com,www.ferozkhancpa.com
FIDUCIA LLP,(65) 6846 8376,(65) 6725 8161,fiduciallp@gmail.com,www.fiducia-llp.com
FOO KON TAN LLP,(65) 6336 3355,(65) 6337 2197,fkt@fookontan.com,www.fookontan.com
FOONG PAK LEONG & COMPANY,(65) 6538 9808,(65) 6538 2208,fplcom@singnet.com.sg,
FP CONSULTANTS INTERNATIONAL PTE LTD,(65) 6749 0313,(65) 6749 0193,info@fp-consultants.com,www.fp-consultants.com
G S HNG & CO,(65) 6296 8206,(65) 6298 2176,gshng@singnet.com.sg,
G S TAN & CO,(65) 6338 5552,(65) 6339 5552,gstan@gstanco.sg,
G. N. EE & CO.,(65) 6224 2437,(65) 6225 7987,gnee.company@gmail.com,
G. S. CHUA & CO,(65) 6535 0031,(65) 6535 7767,gschua@singnet.com.sg,
G.P. CHIA & CO,lkfcons@singnet.com.sg,,,
GC CHAN & CO,changeokhuat@yahoo.com,,,
GEETHA A & ASSOCIATES,(65) 6227 6445,(65) 6227 6447,geetha@gcpa.com.sg,www.gcpa.com.sg
GLENEAGLE TRUST,(65) 9795 0755,(65) 6310 2796,1982019308@qq.com,
GOH ENG LAM & CO,(65) 6299 0633,(65) 6293 1105,corp_sec@sgpmgmt.com.sg,
GOH HWEE CHENG & CO,(65) 6534 0733,(65) 6532 5155,agoh@ghc-co.com.sg,
GOH NGIAP SUAN & CO,(65) 6226 2466,(65) 6226 3860,michael@gns.com.sg,
GOH SHER WEE & CO,(65) 6534 2338,swgoh@saage.edu.sg,,
GOH YAU KEE & CO,(65) 6535 1700,(65) 6535 7692,gykco@singnet.com.sg,http://www.gykco.com/
GOHTHIENCHEE & CO,(65) 6341 7801,(65) 6341 7802,admin@gohthienchee.com,
GYSG &CO,(65) 6293 8198,(65) 6293 3679,garygoh@gysgsingapore.com,www.gysgsingapore.com
H C KOH & CO,(65) 6339 3209,kohaccty@singnet.com.sg,,
H H WONG & CO,(65) 6338 7898,(65) 6338 8720,hhwong@singnet.com.sg,
H K SEAH PUBLIC ACCOUNTING CORPORATION,(65) 6225 1266,(65) 6223 5142,seah@cpa-seah-the.com.sg,
H S LIM & CO,(65) 6225 3200,hslimco@singnet.com.sg,,
H. A. CHRISTIE & CO.,(65) 6227 8266,(65) 6227 8255,hamish@hachristie.com.sg,
H. T. KHOO & ASSOCIATES PAC,(65) 6536 9978,(65) 6536 6209,htkhoo@jhikhoo.com,www.pkfsingapore.com
"H.WEE &CO; HENRY WEE & CO; WEE,LIM &ASSOCIATES",(65) 6744 5158,(65) 6744 4050,hweenco@singnet.com.sg,
HAJAMAIDEEN & CO,(65) 6299 3697,(65) 6293 8959,accsec786@gmail.com,
HELMI TALIB & CO,(65) 6339 2776,(65) 6339 6716,enquiry@helmitalib.com.sg,www.helmitalib.com
HENG LEE SENG LLP,(65) 6423 9969,(65) 6423 9979,michaelheng@hlsllp.com.sg,www.hlsllp.com.sg
HLB ATREDE LLP,(65) 6323 1928,(65) 6225 3884,info@hlbatrede.com,www.hlbatrede.com
HLB LOKE LUM,(65) 6332 0088,(65) 6333 9690,lokelum@llcg.com.sg,www.llcg.com.sg
HM ACCOUNTANTS,(65) 6294 6480,(65) 6220 3649,fuimin@hmaccountants.com.sg,
HMS ASSURANCE,(65) 6635 6786,(65) 6635 6787,hmsaudit@hmsassurance.com.sg,www.hmsassurance.com.sg
HOE SIN HONG & CO,(65) 6297 0153,(65) 6294 5184,hoesh@singnet.com,
HONG HENG AND ASSOCIATES,(65) 9781 4256,"joonheng@icpasmembers.org.sg 
gohjoonheng@singnet.com.sg",,
HOON TAI MENG & CO,(65) 6295 2826,soonchua@singnet.com.sg,,
HORWATH FIRST TRUST LLP,(65) 6221 0338,(65) 6221 1080,catherine.cheng@crowehorwath.com.sg,www.crowehorwath.com.sg
HOUSE OF SERVICES,(65) 6372 0234,(65) 6372 0468,secretary@houseofservices.com,www.houseofservices.com
HOWARD HAGEN PAC,ketchung@hh.com.sg,,,
IKA INTERNATIONAL,(65) 6226 1000,(65) 6227 8102,lowkt@ikaintl.com,
INFINITY ASSURANCE LLP,(65) 6396 3782,(65) 6396 3783,siokhoon.tey@infinityglb.com,www.infinityglb.com
Intime Accounting Pte Ltd,6221 6366,6234 2489,info@intime.com.sg,www.intime.com.sg
INVISION CORPORATE SOLUTIONS PTE LTD,(65) 6220 6578,glendawlc@hotmail.com,,
IR PRACTICE,(65) 6384 4470,(65) 6384 4471,irpractice@singnet.com.sg,
J B CHUA & CO,(65) 6345 6631,(65) 6345 9727,admin@jbchua.com.sg,www.ppllp.com.sg
J K MEDORA & CO LLP,(65) 6532 3003,(65) 6533 0616,xjm@jkmedora.com.sg,www.jkmedora.com.sg
J Y FOO & CO,(65) 6298 2844,jyfooco@singnet.com.sg,,
J&S ASSURANCE,(65) 6288 3602,(65) 6536 0939,ivy.ong@zhonglei-sg.com,
J. C. CHUNG & CO,acc@rbcs.com.sg,,,
J. TAN & CO.,(65) 6339 1700,(65) 6334 8090,jt@jtaudit.com.sg,
J.S.K. YOUNG & CO.,(65) 6338 7282,(65) 6338 3723,taky@jskyoung-cpa.com,www.jskyoung-cpa.com
JACHIN PUBLIC ACCOUNTING CORPORATION,(65) 6222 7275 / (65) 9067 6382 (Mobile),(65) 6222 6926,enquiry@jachinpac.com.sg,www.jachinpac.com.sg
JAMES CHAN & PARTNERS LLP,(65) 6325 3859,(65) 6325 3858,jacquelinechan@jcpartners.com.sg,www.jcpartners.com.sg
JAMES RAJ & CO ,(65) 6337 7095,(65) 6337 7845,jamesrajcpa@gmail.com,
JAMES WONG & CO,(65) 6311 7424,jt@jtaudit.com.sg,,
JASMINE CHUA & ASSOCS,(65) 6536 2378,(65) 6284 4089,lmchua2001@yahoo.com,
JBS PRACTICE PAC (f.k.a SHANKER IYER & CO),(65) 6536 7475,(65) 6536 5484,bala@jbsaudit.com,www.jbsaudit.com
JEE AH CHIAN & CO,(65) 6295 2533,(65) 6294 5100,gekhoong.jac@gmail.com,
JEN SHEK VOON PAS,(65) 9639 5088,shekvoon@gmail.com,,
JESLINE HENG & CO,(65) 6333 5991,jessmay@singnet.com.sg,,
JH TAN & ASSOCIATES,(65) 6297 1927,jhtan.cpa@pacific.net.sg,,
JM PARTNERS,(65) 6227 0886,(65) 6324 0235,enquiry@jmpartners.com.sg,
Joe Tan & Associates PAC,6837 0360,6837 0369,www.jdt.com.sg,
JOHN NAVAMANI & CO,(65) 9787 0484,jnaccounts@yahoo.com.sg,,
JORDAN CONSULTING,(65) 9696 1241,(65) 6457 7797,dyct@yahoo.com,www.jordanconsulting.com
JR CHAN COMPANY,(65) 9487 4743,jimchan@jgconsultant.com,,
JS CORPORATE PAC,(65) 6295 2660,jane_to@jscorporate.com.sg,,
JT NAC PAC,(65) 6338 5213,(65) 6334 8075,joetan@jdt.com.sg,www.jdt.com.sg
K B LEE & CO,(65) 6295 4636,(65) 6291 7592,kbleecpa@singnet.com.sg,
K C CHAN & CO PAC,(65) 6324 7718,(65) 6225 9110,c0763@kcpac.com.sg,kcpac.com.sg
K C KOON & CO,(65) 6268 0268,(65) 6268 0238,kckoon.cpa@gmail.com,
K C LAU & CO,(65) 6354 6410,(65) 6354 6506,cykcl@singnet.com.sg,
K E WEE & ASSOCIATES,(65) 6720 0950,(65) 6720 0951,kongeng@kewee.com.sg,www.kewee.com.sg
K F CHEONG & ASSOCIATES,(65) 6336 0386,(65) 6338 3900,,
K F HOONG & CO,(65) 6334 8018,(65) 6268 0239,hoong@kfhoong.com.sg,
K H CHIA & CO,(65) 6227 3779,(65) 6224 6528,hwachia@singnet.com.sg,
K J TAN & CO,(65) 6748 1548,(65) 6741 0113,info@kjtan.com.sg,
K K CHUA & CO,(65) 6339 0833,(65) 6339 5445,kenghiang@kkchua.com,
K K THAM & ASSOCIATES,(65) 6334 6833,(65) 6334 6788,accttham@singnet.com.sg,
K K WONG & ASSOCIATES,(65) 6538 1171,(65) 6536 7787,jameswon@singnet.com.sg,
K L LEE & CO,(65) 6581 8215,jcs133svcs@gmail.com,,
K M HO & CO,(65) 6760 7156,(65) 6760 7951,kmhonco@singnet.com.sg,
K P HO & ASSOCIATES,(65) 6538 2602,kphocpa@gmail.com,,
K S CHAN & CO,(65) 6334 6288,(65) 6334 7288,kschan@singnet.com.sg,
K S CHIN & CO,(65) 6339 0314,chinkenseng@yahoo.com.sg,,
K T LEONG & CO.,(65) 6736 0153,(65) 6738 5020,ktlcpa@singnet.com.sg,
K Y CHIANG & CO,(65) 6327 9888,(65) 6327 9159,viviennechiang@kyc.com.sg,www.kyc.com.sg
K Y CHIK & ASSOCIATES,(65) 6536 9692,(65) 6536 0525,kychik@singnet.com.sg,
K. A. SEAH & CO.,(65) 6336 9168,(65) 6338 1560,kaseah@singnet.com.sg,
K. C. LOW & CO,(65) 6223 9200,(65) 6846 4254,kclowmac@singnet.com.sg,
K. E. CHEN & CO,(65) 6339 4092,(65) 6334 3783,cke2000@pd.jaring.my,
K. K. LIM & CO.,(65) 6227 1141,(65) 6224 1191,kklimnco@singnet.com.sg,
K. S. CHEW & CO,(65) 6634 9661,(65) 6634 9663,kschew@kschewco.com.sg,www.kschewco.com.sg
K. S. KONG AND COMPANY,kskong2000@yahoo.co.uk,,,
K.G. TAN & CO. PAC,(65) 6336 5500,(65) 6336 5910,clients@kgtan.com,www.kgtan.com
K.S. NG & CO,(65) 6743 6577,(65) 6743 6755,ngyongyi@ksng.com.sg,www.ksng.com.sg
KADER & CO.,(65) 6398 1020,(65) 6398 1030,contact@kader.com.sg,www.kader.com.sg
KAN & CO,(65) 6334 4338,(65) 6339 6030,kcocpa@singnet.com.sg,
KANG & KHOO,(65) 6392 6022,(65) 6293 4156,cpa@kangnkhoo.com.sg,
KBW TRUSTASSURANCE,(65) 6222 0686,(65) 6222 0686,boonwah@tassure.com,www.tassure.com
KCL & ASSOCIATES,(65) 6846 9228,(65) 6846 9128,alex@kcleung.com.sg,
KEITH LIM & CO,(65) 6336 6200,keith@keithlim.com.sg,,
KELVIN TAN & CO,kelvinj.tan@yahoo.com.sg,,,
KELVIN WONG & CO,(65) 6438 1121,(65) 6438 3358,kelvinwong@kelvinwong.com.sg,
KEN TAN & CO,(65) 6744 0096,(65) 6744 0565,kentanco@singnet.com.sg,kentanco.com
KEN WONG & CO,(65) 6299 5019,(65) 6299 5026,ken@kenwongco.com,
KG TAN & COMPANY,(65) 6336 5500,kg.tan@kgtan.com,www.kgtan.com,
KIT YEE & CO,(65) 6293 3222,(65) 6296 7900,kityee99@yahoo.com,
KK LEONG & PARTNERS,(65) 6337 2233,(65) 6338 7806,kklgroup@singnet.com.sg,
KK YAP & ASSOCIATES,(65) 6339 9268,(65) 6224 8207,doug.yap@gmail.com,
KOH CHEE SENG & CO,kcsco68@yahoo.com.sg,,,
KOH SWEE TIAN & CO,(65) 6338 2661,(65) 6338 3929,kohst@kst.com.sg,
"KONG, LIM & PARTNERS LLP",(65) 6227 4180,(65) 6324 0213,ysl@klp.com.sg,www.konglim.com.sg
KPMG,(65) 6213 3388,(65) 6225 0984,sg-marketing@kpmg.com.sg,kpmg.com.sg
KRESTON DAVID YEUNG PAC,(65) 6223 7979,(65) 6222 7979,dyks@davidyeung.com.sg,www.davidyeung.com.sg
KT PRO & CO,tantchs@yahoo.com,,,
KURIOS THELES BUSINESS SOLUTIONS PTE LTD,6838 4130,crm@kurios.com.sg,www.kurios.com.sg,
KWAN WONG TAN & HONG,(65) 6737 9433,(65) 6733 5497,kwth@pacific.net.sg,www.kwth-cpa.com
L C KOH & CO,"(65) 6292 1881
",(65) 6841 9692,sharon@humanbliss.com.sg,
L H KAN & CO,(65) 6345 0218,"(65) 6345 7672
",lhkanco@gmailcom,
L H KWEE & CO,(65) 6324 4129,vkwee@pacific.net.sg,,
L L LOW & ASSOCIATES,(65) 3152 0100,(65) 3152 0620,limlim@lllow.com.sg,
L W ONG & ASSOCIATES LLP,(65) 6748 6505,(65) 6846 7208,lwong@theaccountants.com.sg,www.theaccountants.com.sg
L Y LEONG & CO,(65) 6838 7088,lyleong@lyleongco.com.sg,,
L.H.ONG & CO,(65) 6391 5089,(65) 6298 0402,lhongnco@gmail.com,www.lhongnco.com.sg
LAU CHIN HUAT & CO,(65) 6222 3800,(65) 6222 1855,ybk@e-management.com.sg,
LAU CHOH LUEN & CO,(65) 6297 9298,chohluen@concordeauto.com.sg,,
LAU LEE HUA & CO,(65) 6299 7871,(65) 6634 0431,leehua@singnet.com.sg,
LAW PIANG WOON & CO,(65) 6749 0016,(65) 6749 7656,lpw2000@tm.net.my,
LCC PARTNERSHIP,(65) 6323 2261,(65) 6725 8028,support@lccglobal.com,www.lccglobal.com
LEE & HEW PUBLIC ACCOUNTING CORPORATION,(65) 9126 0056,hanjielee@leeandhew.com.sg,www.leeandhew.com.sg,
LEE ACCOUNTAX CONSULTANCY,(65) 6271 7275,(65) 6274 3010,lycycl@gmail.com,
LEE BOON SONG & CO PAC,(65) 6338 3922 / (65) 6336 1009,(65) 6336 1652 / (65) 6336 7023,office@angnco.com,www.angnco.com
LEE CHEE WUNG & CO,(65) 6294 0561,(65) 6293 7601,lcwco@singnet.com.sg,
LEE CORPORATE MANAGEMENT CONSULTANCY,(65) 6271 7275,(65) 6274 3010,lycycl@gmail.com,
LEE KOK POH & CO,(65) 6338 2911,(65) 6338 2913,taniasjlee@gmail.com,
LEE S F & CO,(65) 6336 4557,(65) 6336 5604,leesfco@singnet.com.sg,
LEE YEOK CHAI & CO PAC,(65) 6293 3881,phong@leeyeokchai.sg,,
LEE YUEN CHIN & CO,(65) 6271 7275,(65) 6274 3010,lycycl@gmail.com,
LEETHEN & ASSOCIATES,"(65) 6425 5690 
",(65) 6425 5692,irenethen@alphabc.sg,www.alphabc.sg
LEONG KIN WENG & CO,(65) 6291 2138,(65) 6296 3433,steven@deya.com.sg,
LIEW KEOW SENG PUBLIC ACCOUNTING CORPORATION,(65) 6338 9168,(65) 6338 9160,lkspac@lks.com.sg,http://lks.com.sg
LIM CH & ASSOCIATES,(65) 6270 1163,(65) 6223 6521,limchonghuat@gmail.com,
LIM CHEE YONG & CO,(65) 6222 3301,(65) 6222 3309,rl@lcy.sg,
LIM K.C. & ASSOCIATES,(65) 9117 5353,(65) 6352 8309,hann_services@singnet.com.sg,
LIM SIEW LUAN & CO,sllimco@yahoo.com,,,
LIN & ASSOCIATES,lin88zhi@singnet.com.sg,,,
LING UK CHOON & CO.,(65) 6220 7771,(65) 62350256,gl62207771@yahoo.com,
LIXIN INTERNATIONAL,(65) 6220 2008   ,(65) 6297 9309,enquiry@lixin.com.sg,www.lixin.com.sg
LL ONG & CO,(65) 6224 9227,(65) 6224 9227,leilian.ong@gmail.com,
LO HOCK LING & CO,(65) 6535 6111,(65) 6533 6960,enquiry@lohocklingco.com.sg,www.lohocklingco.com.sg
LOH KUM HENG & COMPANY,(65) 6534 5522,(65) 6534 5529,lohcpa@singnet.com.sg,
LOH POH LIM & CO,(65) 6222 7275,(65) 6222 6926,info@jachinpac.com.sg,www.jachinpac.com.sg
LOKE LUM & PARTNERS,(65) 6332 0088,(65) 6333 9690,dloke@llcg.com.sg,http://llcg.com.sg/
LOUISE NEO & COMPANY,(65) 6274 9495,(65) 6274 9497,louiseco@singnet.com.sg,http://www.louiseco.com.sg
LOW HOCK SIN & CO,(65) 6222 7766,lowhs@singnet.com.sg,,
LOW KOK KIM & CO,(65) 6222 2068,(65) 6224 8728,yclo@lkkcpa.com,www.lkkcpa.com
LOW SEOW CHYE & CO.,(65) 6333 5075,(65) 6333 5076,lsccocpa@gmail.com,
"LOW, YAP & ASSOCIATES",(65) 6632 8488,(65) 6327 3855,chaichoo@lowyap.com.sg,www.lowyap.com.sg
LUI CHIN YEN & CO. ,(65) 6535 4228,(65) 6535 6832,luinco@singnet.com.sg,
LYN & CO (TBA),zzhouling@hotmail.com,,,
M BARAK & CO.,(65) 6296 2776,(65) 6296 5363,mubarak@msac.com.sg,www.msac.com.sg
M E LIM & CO,lme16@singnet.com.sg,,,
M H TJOE & CO,(65) 6338 9538,mht0418@singnet.com.sg,,
M K LOW & CO,(65) 6396 3633,(65) 6396 3433,lowkooco@singnet.com.sg,
M S ONG & ASSOCIATES,(65) 6227 7603,(65) 6536 2348,msong@singnet.com.sg,
M Y CHAU & CO,(65) 6220 9058,(65) 6220 5739,chau@mychaucpa.com.sg,www.mychaucpa.com.sg
MAURICE HO & CO,(65) 6226 1562,leonghweelian@gmail.com,,
MAZARS LLP,(65) 6224 4022,(65) 6225 3974,wee-han.tah@mazars.com.sg,www.mazars.sg
MGI MENON & ASSOCIATES,(65) 6227 6123,imran@mgimenon.com,http://www.mgimenon.com,
MGI N RAJAN ASSOCIATES,(65) 6293 8089 /  (65) 9694 4545 (HP),(65) 6293 5756,contact@nra.com.sg,www.nra.com.sg
MGI SINGAPORE PAC,(65) 6224 4894,(65) 6224 9558,juliana@mgipac.com,www.mgipac.com
MHC PARTNERSHIP LLP,(65) 6336 0386,(65) 6338 3900,info@mhcdfk.com,www.mhcdfk.com
MILANT & ASSOCIATES LLP,(65) 6224 3393 / (65) 6338 9455,(65) 6223 6521 / (65) 6339 5358,info@mhcdfk.comchlim@milant.com.sgrt@milant.com.sg,
MOK CHARP KHAI & CO (RESIDENCE),(65) 6293 3881,ckmokcpa@singnet.com.sg,,
MOORE STEPHENS LLP,(65) 6221 3771,(65) 6221 3815,email@moorestephens.com.sg,www.moorestephens.com.sg
MORRIS CHAN & CO   ,(65) 6324 7718,(65) 6225 9110,kc@jordans.com.sg,
MSPC & ASSOCIATES,sec_ms@yahoo.com.sg,,,
MUBARAK SALIM & CO,(65) 6296 2776,(65) 6296 5363,mubarak@msac.com.sg,www.msac.com.sg
MY PARTNERSHIP,(65) 6622 5586,(65) 6622 5999,my@mysingaporecpa.com,
N F LEE & CO,(65) 6336 4444,(65) 6336 4446,chyeo@nflee.com,www.nflee.com
N K HO & CO,"(65) 6841 0866
",angeline_sim@hotmail.com,,
N TAN ASSOCIATES,(65) 6327 8868,(65) 6327 8869,info57@ntan.com.sg,
NACN,(65) 6336 4123,(65) 6336 1650,eddy@nacn.sg,www.nacn.sg
NANYANG BUSINESS SCHOOL - NANYANG TECHNOLOGICAL UNIVERSITY,6790 6904,6794 6791,adm_local@ntu.edu.sg,www.nbs.ntu.edu.sg
NATARAJAN & SWAMINATHAN,(65) 6337 2472 (Ext 103),(65) 6338 2844 / (65) 6337 4070,nscpa@nscpa.com.sg,www.nscpa2000.com
NATHAN & ASSOCIATES,skvr2009@gmail.com,,,
NEELS TRADELINK PTE LTD,6293 6079,6225 1838,singaporeincorp@gmail.com,
NEXIA TS PUBLIC ACCOUNTING CORPORATION,(65) 6534 5700,(65) 6534 5766,nexiats@nexiats.com.sg,www.nexiats.com.sg
NG GIM HWA & CO,(65) 6294 9353,gimhwaco@gmail.com,,
NG LIEW PENG & CO.,(65) 6337 0122,(65) 6338 5145,liewpeng@nlpcpa.com,nlpnco.webs.com
NG SIANG KHEN & CO,ctcnc23a@singnet.com.sg,,,
"NG, LEE & ASSOCIATES - DFK",(65) 6294 3022,(65) 6294 2722,admin@nglee-dfk.com,www.nglee-dfk.com
NIKKOSS & CO,(65) 6224 6023,(65) 6225 0363,pani@nikkoss.com.sg,
NSC & ASSOCIATES PAC,(65) 6566 2206,(65) 6566 2827,jane@nscms.com.sg,www.nscms.com.sg
NTAN CORPORATE ADVISORY,(65) 6327 8868,(65) 6327 8869,info57@ntan.com.sg,
OAKFIELD & ASSOCIATES,(65) 6743 3690 / (65) 9837 9966,lienwan@yahoo.com,http://www.oakfield.com.sg,
ODDS & EVEN ASSOCIATES,(65) 6887 2478,(65) 6735 5004,main@oe.sg,www.oe.sg
Okamoto and Company Accountancy Pte. Ltd.,6808 6374,6808 6299,kshimagaki@okamoto-co.co.jp,www.okamoto-co.co.jp
ONE ASSURANCE LLP,(65) 6221 7977,(65) 6221 6768,johnngan@scs-cpa.com,www.scs-cpa.com
ONE PARTNERSHIP PAC,(65) 6535 8998,(65) 6535 2272,chenys@onepartners.com.sg,www.onepartners.com.sg
ONG CHIN HENG & ASSOCIATES,(65) 9751 2161,(65) 6396 3279,ochcasg@gmail.com,
ONG SWEE MING & CO ,(65) 6256 8552,(65) 6251 0810,kentanco@singnet.com.sg,
ONG TEH PAC,(65) 6339 9566,(65) 6339 5338,ongtehco@otcpa.com.sg,
ONG TONG WANG & COMPANY,(65) 6336 4889,(65) 6837 3556,ongricky@singnet.com.sg,
ONG YEW HUAT & CO,(65) 6294 3683,(65) 6293 7988,ongyewhuat@gmail.com,
OW FOOK SHENG & CO,(65) 6221 0991,(65) 6221 4173,auloong@singnet.com.sg,
P C QUAR & CO,smcpc@singnet.com.sg,,,
P C THONG &  CO,(65) 6224 2389,thongpc@singnet.com.sg,,
P G WEE PARTNERSHIP LLP,(65) 6220 8858,(65) 6220 6778,pgwee@pgonline.sg,www.pgonline.sg
P K LIM & CO ,(65) 6225 3132,kent@shinewing.com.sg,,
P K LOKE & PARTNERS LLP,(65) 6223 1858,(65) 6223 6967,pkloke@entrust.com.sg,
P K TIONG & CO ,(65) 6296 7900,(65) 6296 8900,kityee99@yahoo.com,
P. B. LOW & CO.,(65) 6336 5833,(65) 6336 1967,pblow@premierpro.sg,
P. T. LIM & CO.,(65) 6235 0588,(65) 6732 9313,ptlimco@yahoo.com.sg,
P.C. LEE & CO.,(65) 6737 0966,(65) 6733 9865,pcleeco@pacific.net.sg,
P.N. CHEONG & CO,(65) 6447 2783,(65) 6344 6535,pncheong@gmail.com,
PATEL & ASSOCIATES,patelanand456@hotmail.com,,,
PATMOS MANAGEMENT SERVICES PTE LTD,(65) 6692 2330,(65) 3152 1032,enquiry@patmos.com.sg,www.patmos.com.sg
PATRICK KAN & CO,(65) 6345 2333,(65) 6345 4554,patkan@patkan.com.sg,www.patkan.com.sg
PATRICK TEE & CO,(65) 6336 3735,(65) 6334 1393,teeroom@gmail.com,
PAUL GO & CO,(65) 6295 0102 / (65) 6225 1055 / (65) 6225 1355,(65) 6225 1855,audit@paulgo.com.sg,
PAUL HOOI & CO,(65) 6338 8844,(65) 6338 1065,enquiries@paulhooi.com,www.paulhooi.com
PAUL HYPE PAGE & CO,(65) 6221 4711 / (65) 8484 8816,(65) 6221 4711,eric.eio@php-cpa.com.sg,www.paulhypepage.com
PAUL WAN & CO,(65) 6220 3280,(65) 6224 5473,pw888@pwco.com.sg,http://www.pwco.com.sg/
PAYROLLSERVE,(65) 6594 7593,(65) 6594 7999,info@payrollserve.com.sg,www.payrollserve.com.sg
PHILIP LIEW & CO,(65) 6339 2838,(65) 6339 1138,lisa@philipliew.com.sg,www.philipliew.com.sg
PHILIP TEO & ASSOCIATES,(65) 6337 5266,(65) 6348 9083,philipteo.pta@gmail.com,www.pta-cpa.com.sg
PINEBRIDGE LLP,(65) 6593 4330 / 331,(65) 6749 9370,info@pinebridgellp.com,www.pinebridgellp.com
PINEBRIDGE TAX SERVICES PTE LTD,(65) 6593 4330 / 331,(65) 6749 9370,admin@pinebridgetax.com.sg,
PINNACLE PARTNERSHIP LLP,(65) 6345 6631,(65) 6345 9727,kuanmeng@ppllp.com.sg,www.ppllp.com.sg
PKF-CAP ADVISORY PARTNERS PTE LTD,(65) 6325 9360,(65) 6500 9366,info@pkfsingapore.com,www.pkfsingapore.com
PKF-CAP CORPORATE SERVICES PTE LTD,(65) 6325 9360,(65) 6500 9366,info@pkfsingapore.com,www.pkfsingapore.com
PKF-CAP LLP,(65) 6325 9360,(65) 6500 9366,info@pkfsingapore.com,www.pkfsingapore.com
PKF-CAP RISK CONSULTING PTE LTD,(65) 6325 9360,(65) 6500 9366,info@pkfsingapore.com,www.pkfsingapore.com
PLANPARTNERS PAC,6429 0536,6223 8718,dean@plpartnerspac.com.sg,http://www.planpartnerspac.com.sg
PRAISE THE LORD ACCOUNTING SERVICES PTE LTD,(65) 6469 0687 / (65) 6467 3514,(65) 6463 5712,rose@ycfoo.com,www.ycfoo.com
PRAISE THE LORD MANAGEMENT CONSULTANTS PTE LTD,(65) 6469 0687 / (65) 6467 3514,(65) 6463 5712,rose@ycfoo.com,www.ycfoo.com
Precise Accountant Company,98621740,philipkhoo@enstoncorp.com.sg,,
PRICEWATERHOUSE COOPERS LLP ,(65) 6236 3388 ,(65) 6236 3300,pwcsg.contact@sg.pwc.com,www.pwc.com/sg
PROVIDENCE MANAGEMENT SERVICES PTE LTD,(65) 9186 2725,lmg@providencems.com,www.providencems.com,
PRUDENTIAL PUBLIC ACCOUNTING CORPORATION / RAMA & CO,(65) 6438 7777 / (65) 6538 7777 ,(65) 6533 3227 / (65) 6533 1144,office@prudenpractice.com,www.prudenpractice.com
PS PHUAN & CO,(65) 6396 3396,(65) 6396 5396,carol@supreme.com.sg,
Q K NG & CO,(65) 6534 3733,fn333@singnet.com.sg,,
QL SEET & COMPANY,(65) 6338 9488,(65) 6337 9463,qlseet@qlseet.com.sg,
R CHAN & ASSOCIATES PAC,(65) 6295 1126,(65) 6296 9945,rogerchan@rchan-ksi.com,
R NITHIANANTHAM & CO,(65) 6226 5598,(65) 6226 5589,r.nithi.co@gmail.com,
R VENKATARAMANI & CO,(65) 6334 2097,adpree@singnet.com.sg,,
R. ASHRAFF ALI & CO,(65) 6293 6343,(65) 6293 0838,rashraffalico@gmail.com,
RAFFLES COPORATE ADVISORY,(65) 6538 9558,(65) 6473 6820,veera@rafflescorporate.com,http://www.rafflescorporate.com
RAFFLES PAC,(65) 6538 9558,(65) 6473 6609,viryana@rafflescorporate.com,www.rafflescorporate.com
RAMA & CO,"(65) 6538 7777
",rama@ramaco.com.sg,,
REANDA ADEPT PAC (FORMERLY KNOWN AS ADEPT PAC),(65) 6323 1613,(65) 6323 1763,kcyin@reanda-adept.com.sg,www.reanda-adept.com.sg 
Recovery Accountants Pte. Ltd.,6274 1294,6892 8494,mail@recovery-accountants.com,www.recovery-accountants.com
REGENTS CONSULTING PTE LTD,(65) 6435 5278,(65) 3112 9111,info@regents.com.sg,www.regents.com.sg
REGENTS PUBLIC ACCOUNTING CORPORATION,(65) 6435 5278,(65) 3112 9111,camellia@regents.com.sg,www.regents.com.sg
RELIANCE AUDIT LLP,(65) 6236 5712,(65) 6226 7030,laisk@relianceaudit.com.sg,www.relianceaudit.com.sg
RICHARD HO & CO,(65) 6333 5335,(65) 6336 6466,rchho@singnet.com.sg,rhcpa.com.sg
RICHARD LIM & CO,"(65) 6398 0413
",(65) 6297 1359,rlnco@singnet.com.sg,
ROBERT TAN & CO,"(65) 6586 9339
",(65) 6227 7205,cpa@rtanco.com,www.rtanco.com
ROBERT YAM & CO,(65) 6338 1133,(65) 6339 3409,ryam@robertyamco.com.sg,robertyamco.com.sg
ROBIN CHIA & CO,(65) 6324 3998,(65) 6324 8326,robin@rccmgroup.com,http://rccmgroup.com
RODYK & DAVIDSON LLP,6225 2626,6225 1838,mail@rodyk.com,www.rodyk.com
ROHAN MAH & PARTNERS,(65) 6223 4355,(65) 6223 7355,rohan.kamis@rohanmah.com,www.rohanmah.com
RSM CHIO LIM LLP,(65) 6533 7600,(65) 6538 7600,info@stoneforest.com.sg,www.rsmchiolim.com.sg
RT LLP,(65) 6226 0080,(65) 6226 3345,jessiegoh@rt-ca.com,www.rt-ca.com
S B TAN & CO,(65) 6844 8626,(65) 6844 8627,sawbin@sbtan.com,www.sbtan.com
S C MOHAN PAC,(65) 6334 6502,(65) 6334 6503,mohan@scmohan.com.sg,www.scmohan.com.sg
S C TEO & CO,(65) 6336 5202,(65) 6336 5203,arota@singnet.com.sg,
S E CHIA & CO,(65) 9027 2136,siewengchia3@yahoo.com.sg,,
S H LUA & CO,(65) 6440 7870,(65) 6344 0396,shluacpa@singnet.com.sg,
S H NG & CO,(65) 6327 1191,(65) 6224 7798,ngshco@singnet.com.sg,
S H ONG LLP,(65) 6737 8873,(65) 6734 3708,robong@shongllp.com,
S H TAN & CO,(65) 6338 5255,(65) 6338 1855,tansoonhuck@yahoo.com,
S H TANG & ASSOCIATES LLP,(65) 6296 6009,(65) 6292 1515,contactus@shtangassociates.com,www.shtangassociates.com
S J CHUNG & CO,"(65) 6334 2771
",sjchung@singnet.com.sg,,
S K CHEONG & CO,"(65) 6338 6966
",benjamincheong@pacific.net.sg,,
S L LIM & CO,(65) 6533 4100,asyk77@hotmail.com,,
S LEE PUBLIC ACCOUNTING CORPORATION,"(65) 6292 8381
",(65) 6749 9331,sleepac@singnet.com.sg,
S M YEO & CO,(65) 6296 2877,(65) 6297 0266,smyeo@msn.com,
S P LIM & ASSOCIATES,(65) 6236 5710,(65) 6226 7030,suat@relianceaudit.com.sg,
S S ANG & CO,(65) 6292 5415,(65) 6221 7687,ssangcpa@singnet.com.sg,www.ssangandco.com
S S LIM & CO,(65) 6738 5582,(65) 6732 7792,sslimco@singnet.com.sg,
S Y WONG & CO,(65) 6297 1188,taytong@singnet.com.sg,,
S.  P. LEONG & COMPANY,(65) 9650 6248,spleong9@singnet.com.sg,,
SA ASSOCIATES,tanguatkheng@gmail.com,,,
SAA GLOBAL EDUCATION CENTRE PTE LTD,6733 5731,6733 5750,acca@saa.org.sg,www.saage.edu.sg
SAGE SOFTWARE ASIA PTE LTD,6336 6118,info.asia@sage.com,www.sageasiapac.com,
SAMUEL SEOW & CO,(65) 6836 3655,samuelco@pacific.net.sg,,
SASHI KALA DEVI ASSOCIATES,(65) 6224 4991,(65) 6227 7994,sashi@pacific.net.sg,
SAW MENG TEE & PARTNERS PAC,(65) 6305 9900 ,(65) 6336 0652,enquiries@sawmt.com,www.sawmt.com
SC & CO.,(65) 6592 0031,(65) 6299 1680,schoong@scco.com.sg,
SEAN LIM & PARTNERS,(65) 6634 1151,sean@sl-partners.com,http://www.sl-partners.com,
SGCN,andychungsg@hotmail.com,,,
SH KWEK & ASSOCIATES (TBA),(65) 6732 5732,siewhwee@integral.com.sg,,
SHAFIQ K & CO,(65) 6336 1025,shafiq@shafiqkco.com,,
SHANGYEW PUBLIC ACCOUNTING CORPORATION,(65) 6296 6505 ,(65) 6292 4165,sec@shangyewpac.com.sg,
SIANG BEE HUAT & CO,(65) 6241 8016,nicemgt8@pacific.net.sg,,
SIM UNIVERSITY,6248 9326,6763 9077,graddip&master@unisim.edu.sg,www.unisim.edu.sg
"SIM, TEO & ASSOCIATES",(65) 6299 4292,(65) 6299 1615,admin@twl.com.sg,
SINGAPORE ASSURANCE PAC,(65) 6224 7526,(65) 6323 1815,enquiries@singassure.com.sg,www.singassure.com.sg
SINGAPORE BUSINESS PTE LTD,(65) 6887 2461,(65) 6735 5004,william@oe.sg,www.singaporebusinessregister.com
SINGAPORE CORPORATE SERVICES PTE LTD,(65) 6221 7977,(65) 6221 6768,johnngan@scs-cpa.com,www.scs-cpa.com
SINGAPORE MANAGEMENT UNIVERSITY,6828 0610,6828 0600,enquiry@smu.edu.sg,www.smu.edu.sg
SMARTOFFICE CONSULTANCY GROUP PTE. LTD.,(65) 6221 1008,(65) 6233 9008,consultants@smartoffice.com.sg,www.smartoffice.com.sg
SOO GEOK KEEN & CO,(65) 6475 5854,(65) 6475 4710,soogeokkeen@gmail.com,
SPRING & ASSOCIATES PAC,(65) 6225 1123,(65) 6223 8188,acct_corpsec@kungms.com,
SRI MURALI & CO,(65) 6224 6151,(65) 6223 8087,sri.murali@hotmail.com,
SSA CONSULTING GROUP PTE LTD,(65) 6842 2282,(65) 6842 2202,ceo@ssagroup.com,www.ssagroup.com
STAMFORD ASSOCIATES LLP,(65) 6298 2241,(65) 6298 1213,sanjay@stamfordllp.com,www.stamfordllp.com
STEPHEN KOH & CO,"(65) 6223 5688
",(65) 6223 5681,skcpa@singnet.com.sg,
STEPHEN LIU & ASSOCIATES,(65) 6221 1008,(65) 6233 9008,stephenliu@smartoffice.com.sg,www.smartoffice.com.sg
STEPHEN TING & CO,"(65) 6536 9976
",(65) 6536 3697,stsweeng@singnet.com.sg,
STEVEN TAN RUSSELL BEDFORD PAC,(65) 6222 7088,(65) 6222 0022,douglas@stcsamasmgt.com.sg,www.strb.com.sg
STONE FOREST IT PTE LTD,(65) 6533 7600,(65) 6538 7600,info@stoneforest.com.sg,www.stoneforestit.com
STRATEGIC AUDIT ALLIANCE PAC,(65) 6327 9323,(65) 6227 6527,kennethliew@strategicalliance.com.sg,http://www.pamelaneo.com
STRATEGIC CONSULTANTS LLP,"(65) 6323 2912
",(65) 6323 2962,chris.choo@strategic-consultancy.com.sg,
SUBRACO LLP,(65) 6334 9277,(65) 6334 9275,subracollp@subraco.sg,
SUMMIT PLANNERS AUDIT LLP,(65) 6597 8311,(65) 6438 2600,ki@summitplanners.com,www.summitplanners.com
SUN ASSURANCE PAC,68101136,62991680,hchoong@sunassurance.com.sg,
T C WEE & CO,(65) 6734 2028,(65) 6733 6892,wee.jeffrey@ymail.com,
T H HENG & CO,(65) 6291 6887,(65) 6291 4996,tunghwa@thheng.com,
T H TAN & CO,"(65) 6296 0648
",(65) 6298 2738,stdmgt@singnet.com.sg,
T M ZEE & CO,(65) 6292 0998,(65) 6293 3878,audit@tmzee.com.sg,www.tmzee.com
T RAVI & CO,(65) 6220 5541,(65) 6226 2004,audittaxaccounts@gmail.com,
T S CHOO & CO,(65) 6294 4030,(65) 6297 1485,tschoo98@gmail.com,
T S TAY PUBLIC ACCOUNTING CORPORATION,(65) 6337 1295,(65) 6339 8430,willietay@tstay.com.sg,www.tstay.com.sg
T Y KAN & CO,(65) 6535 6683,(65) 6532 7021,michael@tykan.com.sg,"
"
T&C PARTNERS,stevechor@tncpartners.com.sg,,,
TALLY ASSURANCE,(65) 6297 6606,(65) 6297 2106,yaaco@singnet.com.sg,
TAN & ASSOCIATES,(65) 6220 9058,(65) 6220 5739,tanassoc@singnet.com.sg,
TAN & TEH,(65) 6292 5928 ,(65) 6226 3884,audit@tanandteh.com.sg,www.tanandteh.com.sg
TAN AI MING & CO,(65) 6227 1171,(65) 6220 9178,stanley.28@hotmail.com,
TAN KIAN HOCK & CO,(65) 6222 6155,(65) 6225 4563,tkh_co@hotmail.com,
TAN LENG CHEO & PARTNERS,(65) 6737 7808,(65) 6738 4032,tlcpftc@accountlaw-tax.com,http://www.accountlaw-tax.com.sg
TAN MENG SUAH & CO,(65) 6295 4138,(65) 6293 3911,tms@tmscpa.net,
TAN SOO CHONG & CO,(65) 6221 3996,(65) 6221 8292,practice@tscco.com.sg,
TAN TEO & PARTNERS PAC,(65) 6336 8772  ,(65) 6336 6165,mandyong@cpasingapore.com.sg,http://www.cpasingapore.com.sg
TAN WEE TIN & CO,(65) 6355 1366,(65) 6355 1306,limeng@twtco.com.sg,
"TAN,CHAN & PARTNERS",(65) 6692 5555,tancr@tanchan-cpa.com,,
TANG CHENG LIN & CO,"(65) 6732 9373
",(65) 6732 8992,services@tcl-egmont.com.sg,
TAY JOO SOON & CO,(65) 6337 3077,(65) 6339 2244,tjsco@singnet.com.sg,
TAY SWEE SZE & ASSOCIATES,(65) 6534 7088,(65) 6534 7022,sweesze@gmail.com,
TAY TONG & COMPANY,(65) 6297 1188,(65) 6296 7428,tay@taytong.com.sg,
TEDDY CHEW & CO,(65) 6733 2380,(65) 6738 5846,tedchew@singnet.com.sg,
TEE THIAN KERN & CO,"(65) 6334 0650
",happytey@gmail.com,,
TEH KWI HUAT & CO.,(65) 6334 3427,(65) 6334 7615,kwihuat@singnet.com.sg,
TEO BOON TIENG & COMPANY,(65) 6225 5585,(65) 6225 9948,boontieng@tbt.com.sg,
TEO LIANG CHYE & CO,(65) 6535 7822,(65) 6535 2472,chewchangching@chewwhyelee.com,www.teoliangchye.com
TEO MANAGEMENT SERVICES PL,(65) 6532 3877,kevinteo2008@yahoo.com,,
THE REAL ADVISORY PTE LTD,(65) 9862 3323,(65) 6383 4396,enquiry@therealadvisory.com,www.therealadvisory.com
THIA & CO,(65) 6535 9558,thiaco@singnet.com.sg,,
THOMAS TAN H H & CO,(65) 6479 2076,ttglobiz@singnet.com.sg,,
THONG & LIM,(65) 6224 1076,(65) 6225 3018,mail@thonglim.com.sg,
TIT WEI LEE & CO,(65) 6299 4292,(65) 6299 1615,admin@twl.com.sg,
TJ Assurance Partners PAC,81807685,62341621,Tia@TJAssurance.com,www.tjassurance.com
TKNP INTERNATIONAL,(65) 6324 5808 ,(65) 6227 5869,info@tknpinternational.com,http://tknpinternational.com
TLCC,(65) 9857 9619,(65) 6896 2528,timloo@tim-intl.com,
TONY OEI & CO,"(65) 6533 8813
",(65) 6533 3245,josephine@tonyoeiandcompany.com,
TRINA LIM & CO,(65) 6223 8144,(65) 6220 0340,trina@axcellentpl.com,
TTH & ASSOCIATES,(65) 6338 9455,(65) 6339 5358,rt@tthmgmt.com.sg,
TY TEOH INTERNATIONAL,(65) 6820 0089,(65) 6820 0098,tsteoh@tyteoh.com,www.tyteoh.com
UHY DIONG,(65) 6235 1633,(65) 6333 1633,admin@uhydiong.com.sg,http://www.uhydiong.com
UHY LEE SENG CHAN & CO,(65) 6395 5100,(65) 6298 6263,rebecca.wong@uhylsc.com.sg,www.uhylsc.com.sg
V. VIMMALA SREE & ASSOCIATES,(65) 6336 6950,(65) 6334 3127,v.vimmalasree.associates@gmail.com,
V.P. KUMARAN & CO,(65) 6337 6485,(65) 6339 6517,vpkco@singnet.com.sg,
VALACC ASSURANCE,(65) 6384 6654,(65) 6384 6654,paul@valacc.sg,www.valacc.sg
VERITAS CPA,(65) 6836 9819 / (65) 9780 3662,(65) 6259 1919,steven@veritasprivate.com,http://www.veritasprivate.com
VERITAS RISK MANAGEMENT PTE LTD,(65) 6259 1919 / (65) 9836 0064,(65) 6258 2663,rajen@veritasrisks.com,www.veritasrisks.com
VERITY PARTNERS,(65) 6593 3535,(65) 6593 3536,kum_kit@veritypartners.com.sg,www.veritypartners.com.sg
VICTOR GOH + PARTNERS,(65) 6538 2112/ (65) 9733 3327,victor@insolvency.com.sg,http://www.insolvency.com.sg,
VISION ASSURANCE,,,,
VKR PRACTICES,(65) 6227 9295,(65) 6222 0433,ravi@vkrcpa.com,
W K THAM & CO,"(65) 6338 3693
",proact@pacific.net.sg,,
WAN ASSOCIATES,(65) 6844 5027,wuchiawching@gmail.com,,
WEE HUI PHENG & CO,weehp8@gmail.com,,,
WEE KOON SAN & CO,"(65) 6224 2433
",weekoonsan@gmail.com,,
WEE PANG ENG & CO,(65) 6295 3225 ,(65) 6296 8162,senghuat.ng@wpeco.com.sg,
WENSEN CORPORATE ASSURANCE,(65) 6292 4478,(65) 6292 4678,yapcw@wensenasia.com,http://www.wensenasia.com
WINSTON LOONG & CO,(65) 6338 1133,(65) 6339 3409,ryam@robertyamco.com.sg,www.robertyam.com.sg
WONG MAN CHUNG & ASSOCIATES,(65) 6223 3648,(65) 6223 7248,wmccpa@yahoo.com.sg,
WONG PARTNERS,(65) 9742 9706,warrenwong@richmondsec.com,www.richmondsec.com,
"WONG, LEE & ASSOCIATES",(65) 6737 0966,(65) 6733 9865,leonkeat@wla.com.sg,http://www.wla.com.sg
WORLDWIDE OUTSOURCING,(65) 6295 1698,(65) 6323 2671,enquiry@ardent.com.sg,www.ardent.com.sg
WP MAH & CO,(65) 6732 6520,waiping8007@yahoo.com.sg,,
WSC PARTNERSHIP,(65) 6499 5728,(65) 6499 5731,kwokhoe@wsc.com.sg,www.wsc.com.sg
WT TAN & CO,(65) 6748 6740,(65) 6846 7208,damien@wttan.com.sg,
WU & GOH,tg_consultants@yahoo.com.sg,,,
WU WAI HONG & CO,(65) 6222 1351,(65) 6222 7001,vincent@wuwaihong.com.sg,http://www.wuwaihong.com.sg
Y C CHENG & CO,(65) 6272 0710,(65) 6272 0733,kmncons@singnet.com.sg,
Y C FOO & CO.,(65) 6469 0687 / (65) 6467 3514,(65) 6463 5712,rose@ycfoo.com,www.ycfoo.com
Y C TAN & CO,(65) 6325 1638,(65) 6222 4285,tan@yctan.com,
Y F CHEN & CO,(65) 6221 1617,(65) 6221 1637,glinus@singnet.com.sg,
Y H TEH & CO,(65) 6337 3077,(65) 6339 2244,yhtco@singnet.com.sg,
Y L CHIN & CO,(65) 6293 8931,(65) 6293 8731,francischin@ylckf.com,
Y M KEW & CO,(65) 6256 3028,(65) 6256 0328,ymkew333@singnet.com.sg,http://www.ca-practice.com.sg
Y M WOO & CO,(65) 6293 8189,(65) 6293 8191,yingmeng@ymwoo.com.sg,
Y P TAN & CO,(65) 6223 5536,(65) 6223 9708,ypt53@singnet.com.sg,
Y.C. LEE & CO,(65) 6220 8858,(65) 6220 6778,contact@pgonline.sg,http://pgonline.sg
YAP BOH PIN & CO.,(65) 6338 7377,(65) 6339 4582,ybpco@singnet.com.sg,
YAP PEI LI & CO,(65) 6348 0382 / (65) 9695 8829,(65) 6348 0382,yap.cecilia@yahoo.com.sg,
YC LEE MANAGEMENT & SECRETARIAL SERVICES,(65) 62717 275,(65) 6274 3010,lycycl@gmail.com,
YEO SENG LAM & CO,(65) 6334 9668,(65) 6334 9659 / (65) 6533 3612,yeosl@singnet.com.sg,
YEO YEW SWEE & COMPANY,(65) 6278 1091,(65) 6278 3020,yyscpa@singnet.com.sg,
YEO-KOH & ONG,(65) 6747 1325,(65) 6747 1327,hyk@yeokohong.com,www.yeokohong.com
YL LEONG & CO,"(65) 6256 0100
",(65) 6256 5096,lydia@mypractice.com.sg,
YONG CHERNG NAN &CO.,(65) 6295 1613,(65) 6293 1883,ycn@pacific.net.sg,
YONG FAN KIONG & CO / YFK PUBLIC ACCOUNTING CORPORATION,(65) 6336 3621,(65) 6339 0204,audit@fkyong.com.sg,
YS ASSURANCE  ,(65) 8322 7966 / (65) 9688 1548,audit@fkyong.com.sgadrianyap73@hotmail.comsck35497@hotmail.com,,
YVONNE ANG & CO,yvonne@yaco.com.sg,,,
ZHEN PUBLIC ACCOUNTING FIRM,(65) 6223 3128,(65) 6223 3126,tayyewkhem@zhenpac.com,
Zion Tax Services Pte Ltd,6425 9253,teochris80@gmail.com,,
ZW ACCOUNTING SERVICES,(65) 9426 9672 / +861089760198(CHINA),zwaccounting@yahoo.com,,
